customer_id,gender,age,country,income,age_group
CS00001,Female,19,Brazil,117196,Young Adult
CS00002,Male,33,Chile,49256,Young Adult
CS00003,Male,65,Mexico,33434,Senior
CS00004,Male,55,Brazil,75302,Middle Age
CS00005,Male,19,Brazil,32280,Young Adult
CS00006,Female,32,Mexico,86237,Young Adult
CS00007,Male,53,Brazil,46062,Middle Age
CS00008,Female,32,Colombia,78878,Young Adult
CS00009,Female,18,Chile,119458,Young Adult
CS00010,Male,62,Mexico,75392,Middle Age
CS00011,Male,35,Chile,40379,Adult
CS00012,Female,39,Mexico,33396,Adult
CS00013,Female,42,Brazil,32676,Adult
CS00014,Male,40,Chile,99131,Adult
CS00015,Male,20,Chile,115647,Young Adult
CS00016,Male,52,Colombia,36361,Middle Age
CS00017,Female,23,Colombia,92357,Young Adult
CS00018,Male,58,Chile,101070,Middle Age
CS00019,Male,54,Chile,45203,Middle Age
CS00020,Male,20,Brazil,106673,Young Adult
CS00021,Female,36,Mexico,149134,Adult
CS00022,Male,32,Brazil,133571,Young Adult
CS00023,Female,42,Brazil,56434,Adult
CS00024,Female,58,Colombia,129328,Middle Age
CS00025,Female,28,Chile,68520,Young Adult
CS00026,Female,31,Chile,107841,Young Adult
CS00027,Male,62,Chile,142769,Middle Age
CS00028,Male,56,Brazil,103227,Middle Age
CS00029,Male,52,Mexico,115568,Middle Age
CS00030,Female,28,Mexico,80589,Young Adult
CS00031,Female,35,Colombia,149698,Adult
CS00032,Female,61,Mexico,62504,Middle Age
CS00033,Female,32,Brazil,127715,Young Adult
CS00034,Female,38,Brazil,72581,Adult
CS00035,Male,22,Chile,47653,Young Adult
CS00036,Male,31,Chile,105909,Young Adult
CS00037,Female,43,Colombia,135957,Adult
CS00038,Male,27,Colombia,54718,Young Adult
CS00039,Male,33,Mexico,117647,Young Adult
CS00040,Male,65,Chile,96622,Senior
CS00041,Female,55,Colombia,72350,Middle Age
CS00042,Male,32,Chile,38131,Young Adult
CS00043,Male,23,Colombia,119061,Young Adult
CS00044,Male,25,Brazil,40033,Young Adult
CS00045,Female,61,Mexico,75333,Middle Age
CS00046,Female,42,Brazil,70019,Adult
CS00047,Male,51,Colombia,52953,Middle Age
CS00048,Female,61,Brazil,114466,Middle Age
CS00049,Male,61,Brazil,135970,Middle Age
CS00050,Male,59,Chile,64587,Middle Age
CS00051,Male,36,Brazil,76985,Adult
CS00052,Female,47,Mexico,20425,Adult
CS00053,Male,50,Chile,119871,Middle Age
CS00054,Male,50,Mexico,139619,Middle Age
CS00055,Male,58,Brazil,59117,Middle Age
CS00056,Male,27,Mexico,69009,Young Adult
CS00057,Female,52,Mexico,144977,Middle Age
CS00058,Female,56,Brazil,62487,Middle Age
CS00059,Female,19,Colombia,34662,Young Adult
CS00060,Female,37,Chile,51385,Adult
CS00061,Male,33,Brazil,135082,Young Adult
CS00062,Male,23,Brazil,115932,Young Adult
CS00063,Female,22,Colombia,148186,Young Adult
CS00064,Male,26,Mexico,106474,Young Adult
CS00065,Male,53,Colombia,41643,Middle Age
CS00066,Female,51,Chile,134351,Middle Age
CS00067,Male,31,Colombia,141754,Young Adult
CS00068,Male,63,Mexico,60857,Middle Age
CS00069,Female,60,Colombia,105180,Middle Age
CS00070,Male,46,Chile,137914,Adult
CS00071,Female,25,Colombia,52493,Young Adult
CS00072,Female,22,Mexico,64313,Young Adult
CS00073,Male,55,Brazil,92603,Middle Age
CS00074,Female,55,Mexico,48864,Middle Age
CS00075,Female,22,Brazil,112778,Young Adult
CS00076,Male,32,Brazil,28834,Young Adult
CS00077,Male,39,Brazil,29287,Adult
CS00078,Female,35,Mexico,107684,Adult
CS00079,Female,31,Colombia,90678,Young Adult
CS00080,Male,64,Mexico,142619,Middle Age
CS00081,Female,33,Colombia,122841,Young Adult
CS00082,Male,44,Colombia,44957,Adult
CS00083,Male,24,Brazil,106374,Young Adult
CS00084,Male,40,Colombia,75519,Adult
CS00085,Male,47,Colombia,133224,Adult
CS00086,Male,61,Brazil,105649,Middle Age
CS00087,Male,21,Brazil,72772,Young Adult
CS00088,Female,24,Chile,52591,Young Adult
CS00089,Female,30,Mexico,90292,Young Adult
CS00090,Male,26,Colombia,75296,Young Adult
CS00091,Female,35,Mexico,80637,Adult
CS00092,Male,22,Mexico,78082,Young Adult
CS00093,Male,21,Brazil,105477,Young Adult
CS00094,Female,23,Brazil,141420,Young Adult
CS00095,Female,28,Mexico,73269,Young Adult
CS00096,Male,48,Colombia,48016,Adult
CS00097,Female,21,Colombia,41579,Young Adult
CS00098,Male,18,Colombia,149146,Young Adult
CS00099,Female,34,Colombia,141440,Young Adult
CS00100,Male,36,Colombia,75444,Adult
CS00101,Male,27,Colombia,44890,Young Adult
CS00102,Female,31,Chile,146970,Young Adult
CS00103,Female,55,Brazil,116434,Middle Age
CS00104,Female,65,Brazil,61104,Senior
CS00105,Male,21,Brazil,96569,Young Adult
CS00106,Male,50,Colombia,140505,Middle Age
CS00107,Female,21,Mexico,145931,Young Adult
CS00108,Female,29,Brazil,28981,Young Adult
CS00109,Male,61,Brazil,132960,Middle Age
CS00110,Male,43,Mexico,35713,Adult
CS00111,Female,55,Mexico,97924,Middle Age
CS00112,Female,57,Brazil,30745,Middle Age
CS00113,Male,60,Colombia,96503,Middle Age
CS00114,Male,34,Chile,46772,Young Adult
CS00115,Male,33,Chile,54814,Young Adult
CS00116,Female,26,Colombia,108039,Young Adult
CS00117,Male,47,Chile,61441,Adult
CS00118,Female,18,Brazil,80068,Young Adult
CS00119,Female,22,Brazil,90468,Young Adult
CS00120,Female,50,Mexico,54760,Middle Age
CS00121,Male,40,Mexico,135456,Adult
CS00122,Male,33,Brazil,68434,Young Adult
CS00123,Female,28,Chile,77433,Young Adult
CS00124,Male,57,Chile,148955,Middle Age
CS00125,Male,60,Brazil,127099,Middle Age
CS00126,Female,60,Chile,33577,Middle Age
CS00127,Female,34,Mexico,35129,Young Adult
CS00128,Male,65,Brazil,92512,Senior
CS00129,Male,35,Mexico,56930,Adult
CS00130,Female,63,Mexico,64942,Middle Age
CS00131,Female,61,Mexico,103130,Middle Age
CS00132,Male,50,Chile,84032,Middle Age
CS00133,Male,21,Chile,32097,Young Adult
CS00134,Female,35,Colombia,25778,Adult
CS00135,Female,39,Brazil,121072,Adult
CS00136,Male,58,Mexico,148424,Middle Age
CS00137,Female,28,Chile,117154,Young Adult
CS00138,Female,53,Colombia,112493,Middle Age
CS00139,Male,53,Colombia,21267,Middle Age
CS00140,Female,22,Brazil,143869,Young Adult
CS00141,Female,52,Mexico,24722,Middle Age
CS00142,Male,55,Chile,92420,Middle Age
CS00143,Female,45,Mexico,36704,Adult
CS00144,Female,37,Brazil,67795,Adult
CS00145,Female,40,Brazil,47535,Adult
CS00146,Female,60,Mexico,33473,Middle Age
CS00147,Female,53,Chile,135885,Middle Age
CS00148,Male,57,Colombia,118235,Middle Age
CS00149,Female,33,Mexico,133325,Young Adult
CS00150,Male,29,Mexico,135528,Young Adult
CS00151,Female,19,Colombia,43509,Young Adult
CS00152,Female,44,Chile,125150,Adult
CS00153,Female,35,Mexico,40866,Adult
CS00154,Male,42,Brazil,134316,Adult
CS00155,Male,48,Brazil,49154,Adult
CS00156,Female,47,Mexico,65830,Adult
CS00157,Female,32,Chile,49219,Young Adult
CS00158,Male,60,Brazil,45313,Middle Age
CS00159,Male,39,Colombia,56517,Adult
CS00160,Female,35,Brazil,66025,Adult
CS00161,Female,61,Colombia,148601,Middle Age
CS00162,Female,19,Chile,35118,Young Adult
CS00163,Female,29,Chile,96099,Young Adult
CS00164,Female,20,Chile,34208,Young Adult
CS00165,Female,40,Colombia,115491,Adult
CS00166,Female,45,Chile,99457,Adult
CS00167,Female,42,Brazil,137899,Adult
CS00168,Male,34,Mexico,25817,Young Adult
CS00169,Female,18,Colombia,88146,Young Adult
CS00170,Male,41,Mexico,76531,Adult
CS00171,Male,60,Brazil,140687,Middle Age
CS00172,Female,57,Chile,61145,Middle Age
CS00173,Female,64,Brazil,137970,Middle Age
CS00174,Male,50,Chile,60538,Middle Age
CS00175,Female,38,Colombia,72743,Adult
CS00176,Male,53,Chile,36683,Middle Age
CS00177,Male,44,Mexico,107153,Adult
CS00178,Female,61,Colombia,118059,Middle Age
CS00179,Female,57,Mexico,94593,Middle Age
CS00180,Female,43,Chile,91819,Adult
CS00181,Female,37,Brazil,57606,Adult
CS00182,Female,45,Mexico,122990,Adult
CS00183,Male,47,Chile,77905,Adult
CS00184,Female,61,Colombia,48010,Middle Age
CS00185,Female,65,Colombia,42241,Senior
CS00186,Male,36,Brazil,87561,Adult
CS00187,Female,23,Chile,127272,Young Adult
CS00188,Female,61,Mexico,60687,Middle Age
CS00189,Female,30,Mexico,39313,Young Adult
CS00190,Male,20,Brazil,52092,Young Adult
CS00191,Male,57,Colombia,131376,Middle Age
CS00192,Female,47,Brazil,74321,Adult
CS00193,Male,63,Mexico,111272,Middle Age
CS00194,Male,49,Colombia,72383,Adult
CS00195,Female,27,Mexico,105990,Young Adult
CS00196,Male,24,Brazil,122029,Young Adult
CS00197,Female,32,Colombia,43053,Young Adult
CS00198,Male,21,Colombia,93060,Young Adult
CS00199,Female,25,Mexico,79829,Young Adult
CS00200,Male,47,Mexico,107500,Adult
CS00201,Male,46,Chile,100301,Adult
CS00202,Male,53,Colombia,78446,Middle Age
CS00203,Female,65,Mexico,132917,Senior
CS00204,Female,46,Colombia,53972,Adult
CS00205,Female,58,Mexico,56347,Middle Age
CS00206,Male,58,Colombia,51358,Middle Age
CS00207,Male,46,Chile,30155,Adult
CS00208,Male,33,Chile,55614,Young Adult
CS00209,Male,38,Chile,137050,Adult
CS00210,Female,26,Brazil,39769,Young Adult
CS00211,Female,42,Mexico,110957,Adult
CS00212,Male,63,Mexico,48043,Middle Age
CS00213,Female,44,Brazil,73424,Adult
CS00214,Female,52,Chile,81069,Middle Age
CS00215,Female,21,Colombia,47110,Young Adult
CS00216,Male,42,Colombia,138598,Adult
CS00217,Male,54,Brazil,69857,Middle Age
CS00218,Male,18,Colombia,143567,Young Adult
CS00219,Male,37,Chile,118759,Adult
CS00220,Female,44,Colombia,90545,Adult
CS00221,Male,49,Mexico,48760,Adult
CS00222,Female,45,Chile,83654,Adult
CS00223,Female,42,Brazil,64057,Adult
CS00224,Male,64,Colombia,41632,Middle Age
CS00225,Male,26,Colombia,148545,Young Adult
CS00226,Male,43,Brazil,97580,Adult
CS00227,Male,23,Brazil,104246,Young Adult
CS00228,Female,26,Colombia,133619,Young Adult
CS00229,Female,29,Colombia,26590,Young Adult
CS00230,Female,42,Chile,62906,Adult
CS00231,Female,47,Mexico,62840,Adult
CS00232,Male,42,Chile,56471,Adult
CS00233,Female,34,Colombia,129433,Young Adult
CS00234,Female,48,Brazil,22540,Adult
CS00235,Female,40,Brazil,49389,Adult
CS00236,Female,59,Brazil,25276,Middle Age
CS00237,Female,33,Brazil,46130,Young Adult
CS00238,Female,57,Brazil,39973,Middle Age
CS00239,Male,26,Mexico,82070,Young Adult
CS00240,Female,54,Brazil,144224,Middle Age
CS00241,Female,47,Mexico,111680,Adult
CS00242,Male,41,Chile,41992,Adult
CS00243,Female,28,Brazil,146447,Young Adult
CS00244,Female,24,Chile,95849,Young Adult
CS00245,Female,37,Brazil,95470,Adult
CS00246,Male,43,Colombia,143400,Adult
CS00247,Male,22,Mexico,97607,Young Adult
CS00248,Male,24,Mexico,111382,Young Adult
CS00249,Male,61,Chile,98697,Middle Age
CS00250,Female,54,Brazil,122581,Middle Age
CS00251,Female,40,Brazil,89827,Adult
CS00252,Female,60,Colombia,68571,Middle Age
CS00253,Female,50,Brazil,104874,Middle Age
CS00254,Female,18,Chile,131355,Young Adult
CS00255,Female,49,Colombia,33833,Adult
CS00256,Male,41,Colombia,103307,Adult
CS00257,Male,63,Colombia,40052,Middle Age
CS00258,Male,29,Colombia,116180,Young Adult
CS00259,Male,57,Chile,125932,Middle Age
CS00260,Female,47,Colombia,77091,Adult
CS00261,Male,38,Chile,131635,Adult
CS00262,Male,23,Mexico,56559,Young Adult
CS00263,Female,33,Colombia,118366,Young Adult
CS00264,Female,54,Colombia,99997,Middle Age
CS00265,Male,39,Colombia,23761,Adult
CS00266,Male,38,Colombia,43834,Adult
CS00267,Female,31,Colombia,66507,Young Adult
CS00268,Male,39,Chile,56655,Adult
CS00269,Female,53,Chile,21330,Middle Age
CS00270,Female,23,Mexico,51635,Young Adult
CS00271,Male,49,Colombia,92768,Adult
CS00272,Female,62,Mexico,82402,Middle Age
CS00273,Male,46,Colombia,123931,Adult
CS00274,Female,23,Brazil,58566,Young Adult
CS00275,Female,43,Mexico,110673,Adult
CS00276,Female,37,Mexico,107026,Adult
CS00277,Female,48,Chile,92544,Adult
CS00278,Male,45,Chile,117771,Adult
CS00279,Female,40,Chile,112124,Adult
CS00280,Female,35,Colombia,60189,Adult
CS00281,Male,32,Chile,35814,Young Adult
CS00282,Female,38,Mexico,35670,Adult
CS00283,Female,30,Mexico,48361,Young Adult
CS00284,Male,35,Colombia,114972,Adult
CS00285,Male,24,Chile,129134,Young Adult
CS00286,Male,36,Mexico,49816,Adult
CS00287,Male,29,Chile,59618,Young Adult
CS00288,Male,63,Brazil,90010,Middle Age
CS00289,Male,35,Mexico,25965,Adult
CS00290,Male,53,Brazil,58290,Middle Age
CS00291,Female,58,Mexico,133830,Middle Age
CS00292,Male,24,Colombia,134389,Young Adult
CS00293,Male,54,Brazil,57268,Middle Age
CS00294,Male,48,Colombia,77733,Adult
CS00295,Male,29,Chile,146549,Young Adult
CS00296,Male,34,Brazil,143347,Young Adult
CS00297,Female,25,Colombia,127756,Young Adult
CS00298,Male,43,Brazil,84454,Adult
CS00299,Female,54,Brazil,102502,Middle Age
CS00300,Female,27,Brazil,39555,Young Adult
CS00301,Female,23,Chile,52530,Young Adult
CS00302,Male,53,Brazil,120197,Middle Age
CS00303,Male,56,Colombia,98135,Middle Age
CS00304,Male,51,Mexico,69856,Middle Age
CS00305,Male,46,Colombia,58974,Adult
CS00306,Male,37,Colombia,94531,Adult
CS00307,Female,57,Brazil,145843,Middle Age
CS00308,Male,31,Brazil,101987,Young Adult
CS00309,Female,34,Mexico,106563,Young Adult
CS00310,Female,28,Brazil,51439,Young Adult
CS00311,Male,53,Mexico,29838,Middle Age
CS00312,Male,18,Mexico,73545,Young Adult
CS00313,Male,62,Colombia,97832,Middle Age
CS00314,Male,36,Colombia,24278,Adult
CS00315,Male,36,Mexico,112662,Adult
CS00316,Female,62,Chile,132670,Middle Age
CS00317,Male,22,Colombia,110096,Young Adult
CS00318,Female,34,Mexico,123262,Young Adult
CS00319,Female,45,Mexico,35043,Adult
CS00320,Male,59,Mexico,39528,Middle Age
CS00321,Male,27,Chile,29359,Young Adult
CS00322,Male,28,Brazil,123891,Young Adult
CS00323,Male,56,Chile,118167,Middle Age
CS00324,Female,46,Chile,36299,Adult
CS00325,Female,62,Colombia,59857,Middle Age
CS00326,Male,35,Colombia,85597,Adult
CS00327,Male,46,Colombia,30543,Adult
CS00328,Male,45,Brazil,116276,Adult
CS00329,Male,56,Chile,52816,Middle Age
CS00330,Male,23,Brazil,50005,Young Adult
CS00331,Female,61,Brazil,127665,Middle Age
CS00332,Female,54,Chile,25273,Middle Age
CS00333,Female,48,Mexico,88021,Adult
CS00334,Male,35,Colombia,43788,Adult
CS00335,Female,58,Colombia,126724,Middle Age
CS00336,Male,23,Colombia,81605,Young Adult
CS00337,Male,44,Chile,63687,Adult
CS00338,Female,60,Chile,33710,Middle Age
CS00339,Female,39,Mexico,73955,Adult
CS00340,Female,36,Colombia,106846,Adult
CS00341,Female,53,Colombia,24809,Middle Age
CS00342,Female,23,Colombia,61224,Young Adult
CS00343,Male,38,Chile,35194,Adult
CS00344,Male,50,Colombia,128124,Middle Age
CS00345,Male,60,Brazil,133949,Middle Age
CS00346,Male,44,Colombia,27104,Adult
CS00347,Male,51,Mexico,67419,Middle Age
CS00348,Male,58,Colombia,77939,Middle Age
CS00349,Female,31,Brazil,55003,Young Adult
CS00350,Male,36,Mexico,77424,Adult
CS00351,Male,25,Colombia,23783,Young Adult
CS00352,Male,63,Mexico,40758,Middle Age
CS00353,Female,53,Chile,21792,Middle Age
CS00354,Male,23,Colombia,49451,Young Adult
CS00355,Male,47,Brazil,144133,Adult
CS00356,Male,59,Brazil,129070,Middle Age
CS00357,Female,49,Mexico,142244,Adult
CS00358,Female,50,Chile,112459,Middle Age
CS00359,Female,44,Chile,129408,Adult
CS00360,Male,48,Colombia,51946,Adult
CS00361,Male,53,Colombia,38958,Middle Age
CS00362,Female,30,Colombia,140831,Young Adult
CS00363,Male,22,Mexico,56208,Young Adult
CS00364,Female,39,Colombia,142453,Adult
CS00365,Male,18,Chile,57072,Young Adult
CS00366,Male,55,Chile,96011,Middle Age
CS00367,Female,27,Colombia,78529,Young Adult
CS00368,Male,40,Colombia,63573,Adult
CS00369,Female,47,Colombia,142270,Adult
CS00370,Male,30,Chile,148552,Young Adult
CS00371,Female,54,Mexico,70196,Middle Age
CS00372,Female,44,Mexico,25720,Adult
CS00373,Male,65,Chile,81993,Senior
CS00374,Female,42,Colombia,149553,Adult
CS00375,Male,49,Mexico,146461,Adult
CS00376,Female,26,Brazil,85836,Young Adult
CS00377,Female,24,Chile,134581,Young Adult
CS00378,Female,24,Colombia,88937,Young Adult
CS00379,Male,18,Colombia,114692,Young Adult
CS00380,Female,44,Mexico,134154,Adult
CS00381,Male,22,Mexico,81537,Young Adult
CS00382,Male,39,Chile,101691,Adult
CS00383,Female,59,Colombia,30527,Middle Age
CS00384,Male,61,Chile,132635,Middle Age
CS00385,Male,38,Colombia,102155,Adult
CS00386,Male,52,Colombia,24705,Middle Age
CS00387,Male,33,Brazil,102727,Young Adult
CS00388,Female,32,Chile,117880,Young Adult
CS00389,Male,45,Brazil,148232,Adult
CS00390,Male,58,Brazil,112260,Middle Age
CS00391,Male,46,Brazil,41805,Adult
CS00392,Female,19,Chile,26028,Young Adult
CS00393,Male,21,Chile,58452,Young Adult
CS00394,Female,41,Chile,76450,Adult
CS00395,Male,33,Mexico,89621,Young Adult
CS00396,Male,54,Colombia,109364,Middle Age
CS00397,Male,28,Mexico,42946,Young Adult
CS00398,Female,57,Brazil,134142,Middle Age
CS00399,Male,57,Colombia,109539,Middle Age
CS00400,Female,49,Mexico,139646,Adult
CS00401,Male,32,Mexico,80443,Young Adult
CS00402,Male,47,Chile,53466,Adult
CS00403,Female,47,Brazil,138123,Adult
CS00404,Female,61,Chile,91643,Middle Age
CS00405,Female,22,Mexico,77898,Young Adult
CS00406,Female,55,Chile,59210,Middle Age
CS00407,Female,62,Colombia,52780,Middle Age
CS00408,Male,37,Colombia,46111,Adult
CS00409,Female,48,Colombia,33979,Adult
CS00410,Female,42,Mexico,94963,Adult
CS00411,Female,54,Chile,58780,Middle Age
CS00412,Male,19,Chile,148181,Young Adult
CS00413,Male,35,Colombia,21061,Adult
CS00414,Male,56,Brazil,117671,Middle Age
CS00415,Male,36,Colombia,121677,Adult
CS00416,Male,56,Mexico,125110,Middle Age
CS00417,Male,32,Chile,103442,Young Adult
CS00418,Male,57,Mexico,52850,Middle Age
CS00419,Male,58,Mexico,32735,Middle Age
CS00420,Male,37,Brazil,123364,Adult
CS00421,Male,20,Colombia,95965,Young Adult
CS00422,Female,64,Chile,37224,Middle Age
CS00423,Female,36,Brazil,62823,Adult
CS00424,Female,29,Colombia,46318,Young Adult
CS00425,Male,52,Mexico,134879,Middle Age
CS00426,Female,51,Chile,85771,Middle Age
CS00427,Female,28,Chile,53681,Young Adult
CS00428,Male,36,Colombia,117853,Adult
CS00429,Female,25,Chile,81385,Young Adult
CS00430,Female,27,Brazil,118848,Young Adult
CS00431,Male,61,Mexico,114924,Middle Age
CS00432,Female,53,Colombia,67942,Middle Age
CS00433,Male,43,Brazil,21824,Adult
CS00434,Male,52,Chile,36199,Middle Age
CS00435,Female,41,Colombia,108188,Adult
CS00436,Female,55,Chile,69941,Middle Age
CS00437,Female,24,Chile,108452,Young Adult
CS00438,Male,48,Mexico,23280,Adult
CS00439,Female,57,Chile,49015,Middle Age
CS00440,Female,58,Brazil,127984,Middle Age
CS00441,Female,62,Colombia,59608,Middle Age
CS00442,Female,25,Colombia,38320,Young Adult
CS00443,Female,20,Brazil,59893,Young Adult
CS00444,Male,25,Colombia,32739,Young Adult
CS00445,Female,52,Mexico,37781,Middle Age
CS00446,Female,47,Colombia,68629,Adult
CS00447,Male,55,Colombia,117290,Middle Age
CS00448,Female,44,Mexico,105841,Adult
CS00449,Female,49,Brazil,100694,Adult
CS00450,Female,35,Colombia,24288,Adult
CS00451,Female,31,Chile,78115,Young Adult
CS00452,Male,33,Colombia,132125,Young Adult
CS00453,Male,24,Chile,148572,Young Adult
CS00454,Male,52,Chile,138187,Middle Age
CS00455,Female,21,Chile,72184,Young Adult
CS00456,Male,30,Chile,146904,Young Adult
CS00457,Male,47,Brazil,32015,Adult
CS00458,Male,59,Mexico,103819,Middle Age
CS00459,Male,21,Brazil,123126,Young Adult
CS00460,Female,33,Chile,149606,Young Adult
CS00461,Male,54,Mexico,46896,Middle Age
CS00462,Male,53,Brazil,47152,Middle Age
CS00463,Male,32,Mexico,63064,Young Adult
CS00464,Male,56,Mexico,20371,Middle Age
CS00465,Female,27,Chile,149437,Young Adult
CS00466,Female,52,Mexico,52853,Middle Age
CS00467,Male,25,Mexico,106646,Young Adult
CS00468,Male,26,Brazil,21947,Young Adult
CS00469,Male,33,Chile,97182,Young Adult
CS00470,Male,19,Chile,42838,Young Adult
CS00471,Female,21,Chile,36614,Young Adult
CS00472,Male,51,Colombia,34896,Middle Age
CS00473,Male,48,Brazil,78756,Adult
CS00474,Male,50,Chile,97812,Middle Age
CS00475,Male,46,Brazil,86039,Adult
CS00476,Male,57,Mexico,25683,Middle Age
CS00477,Male,47,Chile,104323,Adult
CS00478,Female,21,Brazil,82781,Young Adult
CS00479,Female,45,Colombia,109928,Adult
CS00480,Male,49,Brazil,113375,Adult
CS00481,Female,22,Colombia,137868,Young Adult
CS00482,Male,38,Brazil,99730,Adult
CS00483,Female,22,Mexico,36540,Young Adult
CS00484,Male,57,Chile,102978,Middle Age
CS00485,Male,42,Chile,98301,Adult
CS00486,Male,47,Chile,86263,Adult
CS00487,Female,24,Colombia,123952,Young Adult
CS00488,Male,59,Brazil,105316,Middle Age
CS00489,Male,45,Mexico,79186,Adult
CS00490,Male,44,Mexico,64424,Adult
CS00491,Female,43,Colombia,74524,Adult
CS00492,Male,38,Brazil,75936,Adult
CS00493,Male,60,Chile,53408,Middle Age
CS00494,Female,27,Chile,110023,Young Adult
CS00495,Male,22,Colombia,31957,Young Adult
CS00496,Male,23,Brazil,76606,Young Adult
CS00497,Male,65,Brazil,116835,Senior
CS00498,Male,26,Chile,92924,Young Adult
CS00499,Female,55,Brazil,145386,Middle Age
CS00500,Male,60,Chile,36021,Middle Age
CS00501,Male,40,Colombia,134505,Adult
CS00502,Male,64,Colombia,26743,Middle Age
CS00503,Male,56,Chile,60953,Middle Age
CS00504,Female,24,Chile,95748,Young Adult
CS00505,Male,27,Mexico,106079,Young Adult
CS00506,Male,32,Colombia,131054,Young Adult
CS00507,Female,40,Brazil,130804,Adult
CS00508,Male,25,Chile,119956,Young Adult
CS00509,Male,54,Chile,49643,Middle Age
CS00510,Female,53,Colombia,147735,Middle Age
CS00511,Female,56,Brazil,141776,Middle Age
CS00512,Male,19,Chile,43647,Young Adult
CS00513,Male,62,Chile,119930,Middle Age
CS00514,Female,39,Chile,66009,Adult
CS00515,Male,29,Brazil,134014,Young Adult
CS00516,Female,54,Mexico,106159,Middle Age
CS00517,Female,22,Colombia,38595,Young Adult
CS00518,Male,23,Brazil,117794,Young Adult
CS00519,Male,42,Mexico,75028,Adult
CS00520,Male,39,Colombia,40631,Adult
CS00521,Female,37,Chile,114581,Adult
CS00522,Male,54,Chile,98148,Middle Age
CS00523,Male,21,Brazil,40392,Young Adult
CS00524,Female,57,Mexico,26522,Middle Age
CS00525,Female,35,Brazil,78079,Adult
CS00526,Male,49,Colombia,99570,Adult
CS00527,Female,44,Colombia,55804,Adult
CS00528,Female,50,Mexico,34918,Middle Age
CS00529,Male,45,Chile,34534,Adult
CS00530,Male,61,Chile,108930,Middle Age
CS00531,Female,51,Colombia,107442,Middle Age
CS00532,Female,20,Chile,48903,Young Adult
CS00533,Male,56,Colombia,27180,Middle Age
CS00534,Female,31,Brazil,59507,Young Adult
CS00535,Female,26,Mexico,120160,Young Adult
CS00536,Female,36,Chile,63007,Adult
CS00537,Male,18,Brazil,85193,Young Adult
CS00538,Male,29,Colombia,36932,Young Adult
CS00539,Female,52,Colombia,112231,Middle Age
CS00540,Female,50,Mexico,93233,Middle Age
CS00541,Female,22,Chile,72044,Young Adult
CS00542,Male,45,Brazil,22456,Adult
CS00543,Female,22,Colombia,132998,Young Adult
CS00544,Male,54,Chile,76267,Middle Age
CS00545,Female,63,Colombia,103904,Middle Age
CS00546,Male,36,Colombia,35096,Adult
CS00547,Female,19,Colombia,146641,Young Adult
CS00548,Female,28,Chile,125030,Young Adult
CS00549,Female,62,Colombia,140556,Middle Age
CS00550,Female,23,Chile,77240,Young Adult
CS00551,Male,33,Brazil,77104,Young Adult
CS00552,Male,51,Colombia,30308,Middle Age
CS00553,Female,37,Colombia,117754,Adult
CS00554,Male,32,Chile,63655,Young Adult
CS00555,Male,22,Mexico,86910,Young Adult
CS00556,Male,51,Brazil,86840,Middle Age
CS00557,Female,40,Mexico,66019,Adult
CS00558,Female,33,Mexico,33474,Young Adult
CS00559,Female,34,Mexico,45856,Young Adult
CS00560,Male,56,Mexico,40036,Middle Age
CS00561,Female,29,Brazil,144687,Young Adult
CS00562,Male,47,Colombia,118886,Adult
CS00563,Male,61,Colombia,141130,Middle Age
CS00564,Female,58,Chile,61436,Middle Age
CS00565,Male,46,Mexico,28950,Adult
CS00566,Male,46,Colombia,102756,Adult
CS00567,Male,35,Chile,97518,Adult
CS00568,Male,40,Brazil,86497,Adult
CS00569,Female,37,Brazil,80521,Adult
CS00570,Female,20,Colombia,27456,Young Adult
CS00571,Male,36,Chile,30057,Adult
CS00572,Male,57,Brazil,97867,Middle Age
CS00573,Female,47,Colombia,96064,Adult
CS00574,Female,46,Brazil,139150,Adult
CS00575,Female,38,Mexico,99299,Adult
CS00576,Male,50,Colombia,39773,Middle Age
CS00577,Male,46,Brazil,33566,Adult
CS00578,Female,63,Chile,31053,Middle Age
CS00579,Male,20,Mexico,52472,Young Adult
CS00580,Male,46,Colombia,88690,Adult
CS00581,Male,41,Mexico,68870,Adult
CS00582,Male,42,Chile,73578,Adult
CS00583,Female,61,Chile,98366,Middle Age
CS00584,Male,58,Brazil,104843,Middle Age
CS00585,Male,22,Chile,63213,Young Adult
CS00586,Female,53,Brazil,108916,Middle Age
CS00587,Female,36,Colombia,53029,Adult
CS00588,Female,39,Mexico,30682,Adult
CS00589,Female,40,Mexico,60662,Adult
CS00590,Male,26,Colombia,97993,Young Adult
CS00591,Male,37,Brazil,93259,Adult
CS00592,Female,59,Colombia,123764,Middle Age
CS00593,Female,26,Chile,107833,Young Adult
CS00594,Female,59,Brazil,107878,Middle Age
CS00595,Male,50,Colombia,67425,Middle Age
CS00596,Female,41,Brazil,60483,Adult
CS00597,Male,31,Mexico,64791,Young Adult
CS00598,Female,30,Colombia,49693,Young Adult
CS00599,Female,27,Mexico,30114,Young Adult
CS00600,Male,24,Chile,86543,Young Adult
CS00601,Female,60,Brazil,64140,Middle Age
CS00602,Female,56,Mexico,69377,Middle Age
CS00603,Male,28,Mexico,43703,Young Adult
CS00604,Male,64,Mexico,77366,Middle Age
CS00605,Male,44,Brazil,67749,Adult
CS00606,Male,46,Mexico,100031,Adult
CS00607,Female,65,Chile,122734,Senior
CS00608,Female,32,Colombia,89993,Young Adult
CS00609,Female,37,Mexico,146562,Adult
CS00610,Female,30,Colombia,68213,Young Adult
CS00611,Female,47,Colombia,120851,Adult
CS00612,Female,42,Chile,85916,Adult
CS00613,Male,28,Colombia,127071,Young Adult
CS00614,Male,56,Mexico,38140,Middle Age
CS00615,Male,21,Chile,104040,Young Adult
CS00616,Male,41,Colombia,92684,Adult
CS00617,Male,63,Brazil,130872,Middle Age
CS00618,Male,36,Brazil,30993,Adult
CS00619,Male,35,Mexico,78893,Adult
CS00620,Female,45,Mexico,32021,Adult
CS00621,Male,46,Mexico,135950,Adult
CS00622,Female,19,Chile,74381,Young Adult
CS00623,Female,43,Brazil,85799,Adult
CS00624,Male,33,Chile,70615,Young Adult
CS00625,Male,41,Brazil,49430,Adult
CS00626,Male,38,Brazil,142005,Adult
CS00627,Male,63,Brazil,105191,Middle Age
CS00628,Male,27,Chile,38035,Young Adult
CS00629,Female,36,Brazil,140244,Adult
CS00630,Male,62,Colombia,128935,Middle Age
CS00631,Male,63,Mexico,81487,Middle Age
CS00632,Male,57,Colombia,20688,Middle Age
CS00633,Female,19,Brazil,53544,Young Adult
CS00634,Male,27,Mexico,91932,Young Adult
CS00635,Male,25,Colombia,121734,Young Adult
CS00636,Male,33,Chile,59472,Young Adult
CS00637,Male,21,Brazil,51252,Young Adult
CS00638,Female,58,Colombia,124057,Middle Age
CS00639,Male,22,Colombia,34530,Young Adult
CS00640,Female,56,Colombia,90261,Middle Age
CS00641,Male,58,Brazil,87551,Middle Age
CS00642,Female,63,Mexico,38818,Middle Age
CS00643,Male,45,Chile,20205,Adult
CS00644,Female,33,Chile,94798,Young Adult
CS00645,Male,29,Colombia,107080,Young Adult
CS00646,Male,51,Brazil,147749,Middle Age
CS00647,Male,22,Chile,144964,Young Adult
CS00648,Female,42,Brazil,134469,Adult
CS00649,Female,20,Colombia,103318,Young Adult
CS00650,Male,41,Colombia,53246,Adult
CS00651,Female,40,Brazil,123352,Adult
CS00652,Female,40,Brazil,51604,Adult
CS00653,Female,55,Brazil,116362,Middle Age
CS00654,Female,26,Chile,25811,Young Adult
CS00655,Female,52,Chile,64374,Middle Age
CS00656,Male,61,Mexico,80899,Middle Age
CS00657,Female,58,Colombia,43891,Middle Age
CS00658,Female,22,Mexico,113853,Young Adult
CS00659,Female,20,Colombia,58462,Young Adult
CS00660,Female,20,Mexico,123692,Young Adult
CS00661,Male,20,Mexico,61365,Young Adult
CS00662,Female,50,Chile,72196,Middle Age
CS00663,Male,34,Colombia,24799,Young Adult
CS00664,Male,36,Mexico,66789,Adult
CS00665,Female,59,Brazil,63506,Middle Age
CS00666,Female,25,Chile,124771,Young Adult
CS00667,Female,45,Chile,136586,Adult
CS00668,Female,65,Colombia,77637,Senior
CS00669,Female,39,Colombia,147627,Adult
CS00670,Male,49,Mexico,110710,Adult
CS00671,Male,41,Colombia,141151,Adult
CS00672,Female,23,Chile,115300,Young Adult
CS00673,Male,23,Colombia,76440,Young Adult
CS00674,Male,52,Mexico,58504,Middle Age
CS00675,Male,24,Chile,30494,Young Adult
CS00676,Female,60,Chile,58750,Middle Age
CS00677,Male,46,Chile,98986,Adult
CS00678,Female,28,Colombia,110408,Young Adult
CS00679,Male,40,Colombia,78606,Adult
CS00680,Male,64,Brazil,134037,Middle Age
CS00681,Female,57,Chile,77008,Middle Age
CS00682,Male,58,Chile,148454,Middle Age
CS00683,Female,22,Brazil,107973,Young Adult
CS00684,Female,41,Colombia,87251,Adult
CS00685,Female,19,Mexico,38714,Young Adult
CS00686,Female,20,Colombia,36545,Young Adult
CS00687,Female,33,Brazil,122041,Young Adult
CS00688,Female,41,Chile,70181,Adult
CS00689,Male,56,Brazil,40111,Middle Age
CS00690,Male,41,Colombia,68760,Adult
CS00691,Male,22,Colombia,95225,Young Adult
CS00692,Male,51,Mexico,68096,Middle Age
CS00693,Female,38,Colombia,105139,Adult
CS00694,Female,33,Chile,145897,Young Adult
CS00695,Male,19,Brazil,116426,Young Adult
CS00696,Female,49,Mexico,87861,Adult
CS00697,Female,53,Colombia,35435,Middle Age
CS00698,Male,34,Chile,112279,Young Adult
CS00699,Male,31,Colombia,100199,Young Adult
CS00700,Female,62,Chile,140124,Middle Age
CS00701,Male,30,Colombia,36074,Young Adult
CS00702,Female,22,Mexico,79250,Young Adult
CS00703,Female,63,Mexico,78341,Middle Age
CS00704,Male,61,Brazil,146820,Middle Age
CS00705,Female,60,Chile,65537,Middle Age
CS00706,Female,53,Brazil,91063,Middle Age
CS00707,Female,37,Chile,131589,Adult
CS00708,Female,63,Mexico,113003,Middle Age
CS00709,Female,41,Mexico,86683,Adult
CS00710,Male,25,Mexico,149123,Young Adult
CS00711,Female,26,Mexico,51029,Young Adult
CS00712,Male,19,Colombia,67303,Young Adult
CS00713,Female,47,Chile,125337,Adult
CS00714,Male,57,Mexico,135899,Middle Age
CS00715,Female,22,Brazil,60539,Young Adult
CS00716,Male,63,Colombia,114223,Middle Age
CS00717,Female,51,Colombia,73843,Middle Age
CS00718,Female,54,Colombia,29666,Middle Age
CS00719,Female,38,Mexico,104192,Adult
CS00720,Female,46,Brazil,81057,Adult
CS00721,Male,26,Chile,135075,Young Adult
CS00722,Male,26,Mexico,76704,Young Adult
CS00723,Female,25,Brazil,87908,Young Adult
CS00724,Male,37,Mexico,41581,Adult
CS00725,Female,38,Mexico,142517,Adult
CS00726,Female,40,Mexico,144188,Adult
CS00727,Female,23,Chile,52847,Young Adult
CS00728,Female,58,Mexico,145350,Middle Age
CS00729,Female,26,Chile,101922,Young Adult
CS00730,Male,57,Chile,89924,Middle Age
CS00731,Male,50,Brazil,104015,Middle Age
CS00732,Male,55,Mexico,143418,Middle Age
CS00733,Female,28,Mexico,106341,Young Adult
CS00734,Female,54,Chile,25399,Middle Age
CS00735,Female,23,Brazil,25958,Young Adult
CS00736,Female,59,Chile,47631,Middle Age
CS00737,Female,57,Colombia,103753,Middle Age
CS00738,Male,49,Brazil,136522,Adult
CS00739,Male,59,Chile,145390,Middle Age
CS00740,Male,48,Chile,52096,Adult
CS00741,Male,37,Colombia,79446,Adult
CS00742,Male,62,Brazil,27852,Middle Age
CS00743,Female,46,Mexico,74476,Adult
CS00744,Male,47,Colombia,46741,Adult
CS00745,Male,56,Chile,38830,Middle Age
CS00746,Male,63,Chile,61853,Middle Age
CS00747,Female,43,Chile,37139,Adult
CS00748,Male,50,Chile,93616,Middle Age
CS00749,Female,38,Brazil,51685,Adult
CS00750,Female,25,Colombia,55058,Young Adult
CS00751,Male,33,Colombia,38465,Young Adult
CS00752,Female,21,Brazil,58038,Young Adult
CS00753,Female,57,Colombia,74805,Middle Age
CS00754,Male,28,Mexico,126624,Young Adult
CS00755,Female,54,Chile,114519,Middle Age
CS00756,Male,30,Chile,120023,Young Adult
CS00757,Male,49,Mexico,87466,Adult
CS00758,Female,49,Colombia,135222,Adult
CS00759,Female,49,Chile,23037,Adult
CS00760,Male,43,Brazil,86249,Adult
CS00761,Male,33,Colombia,48199,Young Adult
CS00762,Female,21,Chile,26624,Young Adult
CS00763,Male,49,Chile,98317,Adult
CS00764,Male,36,Colombia,90345,Adult
CS00765,Male,24,Brazil,76482,Young Adult
CS00766,Female,34,Mexico,115355,Young Adult
CS00767,Female,43,Chile,67964,Adult
CS00768,Male,43,Brazil,26705,Adult
CS00769,Female,41,Mexico,92512,Adult
CS00770,Female,22,Chile,70639,Young Adult
CS00771,Male,53,Colombia,56663,Middle Age
CS00772,Female,26,Brazil,147806,Young Adult
CS00773,Male,43,Brazil,68915,Adult
CS00774,Female,53,Chile,143069,Middle Age
CS00775,Female,27,Chile,46090,Young Adult
CS00776,Female,50,Colombia,25276,Middle Age
CS00777,Female,20,Brazil,37961,Young Adult
CS00778,Female,48,Chile,88069,Adult
CS00779,Male,27,Colombia,99463,Young Adult
CS00780,Male,38,Mexico,142076,Adult
CS00781,Male,28,Chile,71505,Young Adult
CS00782,Female,55,Chile,64089,Middle Age
CS00783,Male,63,Colombia,93783,Middle Age
CS00784,Male,48,Chile,126921,Adult
CS00785,Female,41,Brazil,63416,Adult
CS00786,Male,44,Brazil,96507,Adult
CS00787,Male,64,Chile,134307,Middle Age
CS00788,Female,56,Brazil,82205,Middle Age
CS00789,Female,59,Chile,122616,Middle Age
CS00790,Male,64,Mexico,26731,Middle Age
CS00791,Female,28,Colombia,88712,Young Adult
CS00792,Male,27,Colombia,127696,Young Adult
CS00793,Male,20,Mexico,95047,Young Adult
CS00794,Female,30,Brazil,22482,Young Adult
CS00795,Male,38,Colombia,74890,Adult
CS00796,Female,44,Mexico,110505,Adult
CS00797,Female,44,Mexico,85774,Adult
CS00798,Female,65,Colombia,115342,Senior
CS00799,Female,63,Brazil,38098,Middle Age
CS00800,Male,53,Mexico,62604,Middle Age
CS00801,Male,51,Colombia,69391,Middle Age
CS00802,Female,29,Chile,80249,Young Adult
CS00803,Female,52,Chile,66437,Middle Age
CS00804,Male,57,Chile,83462,Middle Age
CS00805,Female,33,Mexico,56569,Young Adult
CS00806,Male,32,Chile,143402,Young Adult
CS00807,Male,36,Chile,112392,Adult
CS00808,Female,62,Mexico,112404,Middle Age
CS00809,Male,38,Colombia,82888,Adult
CS00810,Female,53,Chile,142381,Middle Age
CS00811,Male,36,Chile,35974,Adult
CS00812,Female,43,Colombia,127266,Adult
CS00813,Female,27,Chile,58070,Young Adult
CS00814,Male,36,Brazil,145214,Adult
CS00815,Female,40,Brazil,141111,Adult
CS00816,Female,59,Colombia,53612,Middle Age
CS00817,Female,31,Colombia,46485,Young Adult
CS00818,Female,53,Chile,111248,Middle Age
CS00819,Female,26,Chile,34316,Young Adult
CS00820,Male,33,Mexico,26653,Young Adult
CS00821,Female,58,Mexico,50518,Middle Age
CS00822,Male,24,Brazil,74172,Young Adult
CS00823,Female,63,Chile,81918,Middle Age
CS00824,Male,61,Brazil,121025,Middle Age
CS00825,Female,18,Mexico,146421,Young Adult
CS00826,Female,44,Mexico,105575,Adult
CS00827,Female,48,Colombia,105267,Adult
CS00828,Female,36,Mexico,62096,Adult
CS00829,Female,59,Chile,27754,Middle Age
CS00830,Male,59,Brazil,95252,Middle Age
CS00831,Male,52,Mexico,116821,Middle Age
CS00832,Female,29,Brazil,74773,Young Adult
CS00833,Female,20,Mexico,129602,Young Adult
CS00834,Female,49,Colombia,44420,Adult
CS00835,Female,20,Chile,21214,Young Adult
CS00836,Male,54,Chile,99007,Middle Age
CS00837,Female,39,Brazil,57298,Adult
CS00838,Male,59,Colombia,91211,Middle Age
CS00839,Female,26,Colombia,131550,Young Adult
CS00840,Female,35,Colombia,45272,Adult
CS00841,Male,39,Brazil,41298,Adult
CS00842,Male,59,Colombia,53720,Middle Age
CS00843,Female,18,Mexico,116549,Young Adult
CS00844,Male,36,Chile,94420,Adult
CS00845,Female,29,Mexico,100079,Young Adult
CS00846,Male,45,Colombia,87538,Adult
CS00847,Female,23,Chile,72538,Young Adult
CS00848,Female,29,Brazil,148671,Young Adult
CS00849,Male,48,Mexico,62415,Adult
CS00850,Female,18,Mexico,54181,Young Adult
CS00851,Female,33,Colombia,78554,Young Adult
CS00852,Male,39,Chile,59576,Adult
CS00853,Female,34,Brazil,105679,Young Adult
CS00854,Female,62,Chile,50972,Middle Age
CS00855,Male,60,Brazil,35495,Middle Age
CS00856,Female,37,Colombia,40934,Adult
CS00857,Male,61,Colombia,85866,Middle Age
CS00858,Male,62,Chile,35389,Middle Age
CS00859,Male,41,Chile,100560,Adult
CS00860,Female,32,Mexico,145483,Young Adult
CS00861,Female,48,Mexico,40078,Adult
CS00862,Female,65,Colombia,149608,Senior
CS00863,Male,44,Chile,112004,Adult
CS00864,Male,52,Colombia,125119,Middle Age
CS00865,Male,33,Mexico,109173,Young Adult
CS00866,Female,51,Brazil,78556,Middle Age
CS00867,Female,22,Chile,140225,Young Adult
CS00868,Male,21,Brazil,128629,Young Adult
CS00869,Male,54,Mexico,90341,Middle Age
CS00870,Male,28,Mexico,63007,Young Adult
CS00871,Male,25,Colombia,109167,Young Adult
CS00872,Female,63,Mexico,96434,Middle Age
CS00873,Male,23,Colombia,137819,Young Adult
CS00874,Female,21,Colombia,79432,Young Adult
CS00875,Male,50,Mexico,74450,Middle Age
CS00876,Male,54,Colombia,27567,Middle Age
CS00877,Male,61,Colombia,125764,Middle Age
CS00878,Female,64,Chile,22853,Middle Age
CS00879,Male,34,Colombia,127014,Young Adult
CS00880,Female,65,Brazil,48560,Senior
CS00881,Male,20,Brazil,75534,Young Adult
CS00882,Male,62,Chile,28357,Middle Age
CS00883,Female,22,Brazil,149254,Young Adult
CS00884,Male,20,Colombia,57629,Young Adult
CS00885,Male,29,Colombia,120790,Young Adult
CS00886,Female,59,Mexico,148232,Middle Age
CS00887,Female,41,Colombia,136828,Adult
CS00888,Female,46,Colombia,133982,Adult
CS00889,Female,42,Colombia,30518,Adult
CS00890,Female,59,Mexico,132759,Middle Age
CS00891,Female,25,Chile,43392,Young Adult
CS00892,Female,51,Colombia,36691,Middle Age
CS00893,Male,18,Mexico,119113,Young Adult
CS00894,Male,37,Brazil,80686,Adult
CS00895,Female,52,Colombia,69712,Middle Age
CS00896,Male,33,Mexico,80375,Young Adult
CS00897,Male,27,Chile,56129,Young Adult
CS00898,Male,64,Mexico,120334,Middle Age
CS00899,Female,20,Brazil,126099,Young Adult
CS00900,Male,57,Colombia,120408,Middle Age
CS00901,Male,33,Brazil,47011,Young Adult
CS00902,Male,24,Brazil,97849,Young Adult
CS00903,Female,46,Brazil,98352,Adult
CS00904,Male,33,Brazil,117064,Young Adult
CS00905,Female,43,Brazil,77535,Adult
CS00906,Male,52,Mexico,48477,Middle Age
CS00907,Female,26,Brazil,86046,Young Adult
CS00908,Male,32,Chile,126926,Young Adult
CS00909,Female,54,Chile,98370,Middle Age
CS00910,Male,33,Chile,59552,Young Adult
CS00911,Male,60,Mexico,88321,Middle Age
CS00912,Male,44,Mexico,59387,Adult
CS00913,Female,21,Chile,92970,Young Adult
CS00914,Female,58,Mexico,108965,Middle Age
CS00915,Female,53,Colombia,84962,Middle Age
CS00916,Male,40,Brazil,143415,Adult
CS00917,Female,51,Colombia,61777,Middle Age
CS00918,Female,44,Colombia,39558,Adult
CS00919,Male,42,Chile,44101,Adult
CS00920,Female,33,Colombia,131324,Young Adult
CS00921,Female,37,Mexico,132399,Adult
CS00922,Male,47,Mexico,139896,Adult
CS00923,Male,53,Brazil,74090,Middle Age
CS00924,Female,53,Colombia,89467,Middle Age
CS00925,Male,42,Mexico,51831,Adult
CS00926,Male,31,Chile,63288,Young Adult
CS00927,Female,46,Brazil,131035,Adult
CS00928,Male,23,Chile,90206,Young Adult
CS00929,Female,21,Mexico,55187,Young Adult
CS00930,Male,61,Colombia,99294,Middle Age
CS00931,Male,22,Brazil,44662,Young Adult
CS00932,Female,48,Mexico,47379,Adult
CS00933,Female,37,Chile,145438,Adult
CS00934,Male,31,Brazil,142835,Young Adult
CS00935,Female,65,Mexico,35376,Senior
CS00936,Female,33,Colombia,111177,Young Adult
CS00937,Male,43,Mexico,139947,Adult
CS00938,Female,53,Mexico,62154,Middle Age
CS00939,Female,42,Chile,81112,Adult
CS00940,Female,37,Chile,54283,Adult
CS00941,Male,50,Chile,135711,Middle Age
CS00942,Female,47,Colombia,32924,Adult
CS00943,Male,38,Colombia,139843,Adult
CS00944,Male,41,Mexico,61015,Adult
CS00945,Female,20,Colombia,93731,Young Adult
CS00946,Male,65,Mexico,39126,Senior
CS00947,Male,34,Brazil,92523,Young Adult
CS00948,Female,36,Colombia,39976,Adult
CS00949,Female,39,Mexico,50149,Adult
CS00950,Male,54,Colombia,129230,Middle Age
CS00951,Male,49,Mexico,92173,Adult
CS00952,Male,34,Chile,120055,Young Adult
CS00953,Male,64,Colombia,104108,Middle Age
CS00954,Male,47,Colombia,42050,Adult
CS00955,Female,28,Chile,38344,Young Adult
CS00956,Male,29,Colombia,140179,Young Adult
CS00957,Male,51,Brazil,24433,Middle Age
CS00958,Male,60,Brazil,26358,Middle Age
CS00959,Female,44,Brazil,38021,Adult
CS00960,Female,22,Mexico,112690,Young Adult
CS00961,Female,18,Mexico,48668,Young Adult
CS00962,Male,41,Colombia,27923,Adult
CS00963,Female,60,Colombia,83944,Middle Age
CS00964,Female,18,Brazil,89758,Young Adult
CS00965,Male,18,Colombia,22192,Young Adult
CS00966,Female,52,Chile,148120,Middle Age
CS00967,Female,19,Chile,85826,Young Adult
CS00968,Female,29,Colombia,34026,Young Adult
CS00969,Male,51,Brazil,39516,Middle Age
CS00970,Female,30,Mexico,101235,Young Adult
CS00971,Female,40,Chile,55038,Adult
CS00972,Male,23,Colombia,68896,Young Adult
CS00973,Male,47,Colombia,94055,Adult
CS00974,Male,62,Mexico,49603,Middle Age
CS00975,Female,61,Chile,128535,Middle Age
CS00976,Female,59,Brazil,149980,Middle Age
CS00977,Female,23,Brazil,73120,Young Adult
CS00978,Female,42,Colombia,92443,Adult
CS00979,Male,21,Colombia,103459,Young Adult
CS00980,Female,62,Brazil,42463,Middle Age
CS00981,Male,49,Brazil,130799,Adult
CS00982,Female,59,Colombia,122809,Middle Age
CS00983,Male,54,Chile,148100,Middle Age
CS00984,Female,51,Brazil,140475,Middle Age
CS00985,Male,32,Brazil,47710,Young Adult
CS00986,Female,35,Colombia,26102,Adult
CS00987,Female,61,Brazil,141318,Middle Age
CS00988,Male,52,Chile,93860,Middle Age
CS00989,Male,29,Brazil,141735,Young Adult
CS00990,Female,19,Chile,146021,Young Adult
CS00991,Male,55,Mexico,38899,Middle Age
CS00992,Male,22,Colombia,59226,Young Adult
CS00993,Male,54,Mexico,51519,Middle Age
CS00994,Male,61,Colombia,137509,Middle Age
CS00995,Male,42,Chile,119039,Adult
CS00996,Female,62,Mexico,114917,Middle Age
CS00997,Female,50,Brazil,117708,Middle Age
CS00998,Female,21,Chile,32803,Young Adult
CS00999,Male,32,Colombia,129926,Young Adult
CS01000,Female,39,Brazil,99320,Adult
CS01001,Female,38,Colombia,23883,Adult
